X,Y,Name,description,placepageUri
-103.3256442,20.6846111,UNE UNIVERSIDAD DE ESPECIALIDADES,"<!DOCTYPE html><html><head></head><body><script type=""text/javascript"">window.location.href=""https://www.google.com/earth/rpc/entity?lat=20.6552&lng=-103.335&fid=0x8428b190ca1da77d:0xf22f30516af6eae1&hl=en&gl=us&client=earth-client&cv=7.3.6.9796&useragent=GoogleEarth/7.3.6.9796(X11;Linux (5.15.0.0);en;kml:2.2;client:Pro;type:default)"";</script></body></html>","https://www.google.com/earth/rpc/entity?lat=20.6552&lng=-103.335&fid=0x8428b190ca1da77d:0xf22f30516af6eae1&hl=en&gl=us&client=earth-client&cv=7.3.6.9796&useragent=GoogleEarth/7.3.6.9796(X11;Linux (5.15.0.0);en;kml:2.2;client:Pro;type:default)"
-103.4181787,20.6946969,Universidad Aut√≥noma de Guadalajara,"<!DOCTYPE html><html><head></head><body><script type=""text/javascript"">window.location.href=""https://www.google.com/earth/rpc/entity?lat=20.6552&lng=-103.335&fid=0x8428aee580d14005:0x29c32d113930043d&hl=en&gl=us&client=earth-client&cv=7.3.6.9796&useragent=GoogleEarth/7.3.6.9796(X11;Linux (5.15.0.0);en;kml:2.2;client:Pro;type:default)"";</script></body></html>","https://www.google.com/earth/rpc/entity?lat=20.6552&lng=-103.335&fid=0x8428aee580d14005:0x29c32d113930043d&hl=en&gl=us&client=earth-client&cv=7.3.6.9796&useragent=GoogleEarth/7.3.6.9796(X11;Linux (5.15.0.0);en;kml:2.2;client:Pro;type:default)"
-103.4146601,20.6083796,"ITESO, Universidad Jesuita de Guadalajara","<!DOCTYPE html><html><head></head><body><script type=""text/javascript"">window.location.href=""https://www.google.com/earth/rpc/entity?lat=20.6552&lng=-103.335&fid=0x8428ad6363a15d99:0x35dfe443ec2fc6c6&hl=en&gl=us&client=earth-client&cv=7.3.6.9796&useragent=GoogleEarth/7.3.6.9796(X11;Linux (5.15.0.0);en;kml:2.2;client:Pro;type:default)"";</script></body></html>","https://www.google.com/earth/rpc/entity?lat=20.6552&lng=-103.335&fid=0x8428ad6363a15d99:0x35dfe443ec2fc6c6&hl=en&gl=us&client=earth-client&cv=7.3.6.9796&useragent=GoogleEarth/7.3.6.9796(X11;Linux (5.15.0.0);en;kml:2.2;client:Pro;type:default)"
-103.3570712,20.6169822,Technological University of Jalisco,"<!DOCTYPE html><html><head></head><body><script type=""text/javascript"">window.location.href=""https://www.google.com/earth/rpc/entity?lat=20.6552&lng=-103.335&fid=0x8428b2808dcece3d:0xc674958996b8b184&hl=en&gl=us&client=earth-client&cv=7.3.6.9796&useragent=GoogleEarth/7.3.6.9796(X11;Linux (5.15.0.0);en;kml:2.2;client:Pro;type:default)"";</script></body></html>","https://www.google.com/earth/rpc/entity?lat=20.6552&lng=-103.335&fid=0x8428b2808dcece3d:0xc674958996b8b184&hl=en&gl=us&client=earth-client&cv=7.3.6.9796&useragent=GoogleEarth/7.3.6.9796(X11;Linux (5.15.0.0);en;kml:2.2;client:Pro;type:default)"
-103.3544422,20.6758773,Universidad UNITED,"<!DOCTYPE html><html><head></head><body><script type=""text/javascript"">window.location.href=""https://www.google.com/earth/rpc/entity?lat=20.6552&lng=-103.335&fid=0x8428b14cb2ebc433:0x1d4b7c9b1e47fe6&hl=en&gl=us&client=earth-client&cv=7.3.6.9796&useragent=GoogleEarth/7.3.6.9796(X11;Linux (5.15.0.0);en;kml:2.2;client:Pro;type:default)"";</script></body></html>","https://www.google.com/earth/rpc/entity?lat=20.6552&lng=-103.335&fid=0x8428b14cb2ebc433:0x1d4b7c9b1e47fe6&hl=en&gl=us&client=earth-client&cv=7.3.6.9796&useragent=GoogleEarth/7.3.6.9796(X11;Linux (5.15.0.0);en;kml:2.2;client:Pro;type:default)"
-103.4253841,20.6338378,"International University, Arboledas","<!DOCTYPE html><html><head></head><body><script type=""text/javascript"">window.location.href=""https://www.google.com/earth/rpc/entity?lat=20.6552&lng=-103.335&fid=0x8428ac405719ab0b:0xc5794300eb05263a&hl=en&gl=us&client=earth-client&cv=7.3.6.9796&useragent=GoogleEarth/7.3.6.9796(X11;Linux (5.15.0.0);en;kml:2.2;client:Pro;type:default)"";</script></body></html>","https://www.google.com/earth/rpc/entity?lat=20.6552&lng=-103.335&fid=0x8428ac405719ab0b:0xc5794300eb05263a&hl=en&gl=us&client=earth-client&cv=7.3.6.9796&useragent=GoogleEarth/7.3.6.9796(X11;Linux (5.15.0.0);en;kml:2.2;client:Pro;type:default)"
-103.4148388,20.6933944,University Latin American Campus Patria,"<!DOCTYPE html><html><head></head><body><script type=""text/javascript"">window.location.href=""https://www.google.com/earth/rpc/entity?lat=20.6552&lng=-103.335&fid=0x8428aef0362c6aa9:0xb862dc9dd7b74eb6&hl=en&gl=us&client=earth-client&cv=7.3.6.9796&useragent=GoogleEarth/7.3.6.9796(X11;Linux (5.15.0.0);en;kml:2.2;client:Pro;type:default)"";</script></body></html>","https://www.google.com/earth/rpc/entity?lat=20.6552&lng=-103.335&fid=0x8428aef0362c6aa9:0xb862dc9dd7b74eb6&hl=en&gl=us&client=earth-client&cv=7.3.6.9796&useragent=GoogleEarth/7.3.6.9796(X11;Linux (5.15.0.0);en;kml:2.2;client:Pro;type:default)"
-103.406124,20.6455641,Universidad UNE Torre Milenio,"<!DOCTYPE html><html><head></head><body><script type=""text/javascript"">window.location.href=""https://www.google.com/earth/rpc/entity?lat=20.6552&lng=-103.335&fid=0x8428ac333cb2d3c9:0x2d6c2cbc35a8c846&hl=en&gl=us&client=earth-client&cv=7.3.6.9796&useragent=GoogleEarth/7.3.6.9796(X11;Linux (5.15.0.0);en;kml:2.2;client:Pro;type:default)"";</script></body></html>","https://www.google.com/earth/rpc/entity?lat=20.6552&lng=-103.335&fid=0x8428ac333cb2d3c9:0x2d6c2cbc35a8c846&hl=en&gl=us&client=earth-client&cv=7.3.6.9796&useragent=GoogleEarth/7.3.6.9796(X11;Linux (5.15.0.0);en;kml:2.2;client:Pro;type:default)"
-103.4254208,20.6338186,UEA Universidad,"<!DOCTYPE html><html><head></head><body><script type=""text/javascript"">window.location.href=""https://www.google.com/earth/rpc/entity?lat=20.6552&lng=-103.335&fid=0x8428adf56547e2e5:0x815ec82ed581c492&hl=en&gl=us&client=earth-client&cv=7.3.6.9796&useragent=GoogleEarth/7.3.6.9796(X11;Linux (5.15.0.0);en;kml:2.2;client:Pro;type:default)"";</script></body></html>","https://www.google.com/earth/rpc/entity?lat=20.6552&lng=-103.335&fid=0x8428adf56547e2e5:0x815ec82ed581c492&hl=en&gl=us&client=earth-client&cv=7.3.6.9796&useragent=GoogleEarth/7.3.6.9796(X11;Linux (5.15.0.0);en;kml:2.2;client:Pro;type:default)"
-103.4355083,20.658094,University Latin American Campus Guadalupe,"<!DOCTYPE html><html><head></head><body><script type=""text/javascript"">window.location.href=""https://www.google.com/earth/rpc/entity?lat=20.6552&lng=-103.335&fid=0x8428ac1d8e570ff1:0x24147419796c2855&hl=en&gl=us&client=earth-client&cv=7.3.6.9796&useragent=GoogleEarth/7.3.6.9796(X11;Linux (5.15.0.0);en;kml:2.2;client:Pro;type:default)"";</script></body></html>","https://www.google.com/earth/rpc/entity?lat=20.6552&lng=-103.335&fid=0x8428ac1d8e570ff1:0x24147419796c2855&hl=en&gl=us&client=earth-client&cv=7.3.6.9796&useragent=GoogleEarth/7.3.6.9796(X11;Linux (5.15.0.0);en;kml:2.2;client:Pro;type:default)"
